Strategy,Total Return,Annualized Return (Geometric),Annualized Std Dev of Returns,Sharpe Ratio,Max Drawdown (Monthly),Avg Drawdown (Monthly),Drawdown Std Dev (Monthly),Skewness,Kurtosis
SPY Buy-and-Hold,4.421842065219119,0.09137276937844652,0.19639667356246118,0.5435439685288188,-0.5219527757973197,-0.08229480908620698,0.11324387682442082,-0.001350359042720002,14.655216988187844
VXX/VIX Strategy,6.410421562253053,0.10915406419809637,0.18271836587481108,0.6581742895807531,-0.4233127107132735,-0.05368528244850136,0.0800601149021026,0.44087601877935745,13.111487414606094
Ultra Hedging Strategy,5.600472589870666,0.10253354520060531,0.18477140828523334,0.6205545461167943,-0.4518953317859742,-0.0600376612903729,0.0892464222705522,0.3406670128819795,13.065328509484337
