Strategy,Total Return,Annualized Return (Geometric),Annualized Std Dev of Returns,Sharpe Ratio,Max Drawdown (Monthly),Avg Drawdown (Monthly),Drawdown Std Dev (Monthly),Skewness,Kurtosis
SPY Buy-and-Hold,4.421842065219119,0.09137276937844652,0.19639667356246118,0.5435439685288188,-0.5219527757973197,-0.08229480908620698,0.11324387682442082,-0.001350359042720002,14.655216988187844
VXX/VIX Strategy,8.832952050931457,0.12550057204878207,0.17647837025774762,0.7580012992903754,-0.31390735959235194,-0.03969752120671296,0.059016880102636754,0.5246502573221199,13.798571145928944
Ultra Hedging Strategy,7.82887080897504,0.11924748986560374,0.17633029058561053,0.7268804484875842,-0.3454581260815168,-0.043122722271628,0.06387533022959198,0.526998053299174,13.80469668074666
Pure VXX Strategy,3.7408193054347665,0.08382193090295376,0.3003687477423311,0.40853621404077994,-0.3081762881523754,-0.09966930907870769,0.06380222855393446,6.663123606471171,129.74275429501876
